丰台,鸿业兴园二区 ,2室2厅,88.07平米,南 北,精装,有,中,18,2010,玉泉营,0,458,52005,54
丰台,三环新城8号院 ,2室1厅,96.51平米,西南 北,精装,有,中,22,2007,玉泉营,1,520,53881,48
丰台,三环新城8号院 ,2室1厅,96.72平米,西南,精装,有,高,22,2006,玉泉营,1,535,55315,99
丰台,益辰欣园 ,2室1厅,90.08平米,东南,精装,有,中,11,2002,科技园区,0,499,55396,63
丰台,中海御鑫阁 ,2室1厅,91.68平米,南 北,精装,有,中,20,2012,科技园区,1,630,68718,192
丰台,保利百合 ,2室1厅,75.77平米,东南,精装,有,低,21,2009,丽泽,1,630,83147,37
丰台,首科花园 ,2室2厅,94.34平米,西,简装,有,高,24,2004,太平桥,0,660,69960,66
丰台,看丹苑 ,2室1厅,91.26平米,东 西,简装,有,高,16,2000,看丹桥,1,410,44927,40
丰台,中海御鑫阁 ,1室0厅,38平米,东,精装,有,高,20,2012,科技园区,1,259,68158,58
丰台,中海御鑫阁 ,1室0厅,37.08平米,东,精装,有,高,20,2012,科技园区,1,259,69849,118
丰台,精图小区55号院 ,2室1厅,78.52平米,南,精装,无,中,5,1993,太平桥,0,470,59858,90
丰台,御景春天 ,1室1厅,48.42平米,东,简装,有,高,21,2012,科技园区,1,263,54317,370
丰台,程庄南里 ,1室1厅,52.47平米,东,精装,有,高,21,2003,五里店,0,267,50887,82
丰台,庄维多摩市三期 ,3室2厅,131.19平米,东南 北,简装,有,低,22,2006,七里庄,1,750,57169,121
丰台,万年花城五期 ,3室2厅,136.14平米,南 北,精装,有,中,18,2011,玉泉营,1,1080,79331,79
丰台,晓月新苑 ,1室1厅,68.9平米,南,精装,有,低,22,2007,卢沟桥,0,298,43252,45
丰台,怡海花园富润园 ,2室1厅,101.45平米,西南,精装,有,低,30,2002,科技园区,1,609,60030,28
丰台,北京方向 ,2室1厅,83.13平米,南,精装,有,顶,19,2015,科技园区,1,499,60027,84
丰台,兆丰园 ,2室2厅,100.59平米,西南,简装,有,中,20,2000,青塔,0,478,47520,35
丰台,怡海花园恒泰园 ,1室1厅,54.23平米,北,简装,无,顶,6,1997,科技园区,1,328,60484,47
丰台,鸿业兴园一区 ,3室2厅,128.7平米,东 南,简装,有,中,21,2006,玉泉营,0,799,62083,26
丰台,亿城天筑 ,3室2厅,141.74平米,南 北,精装,无,中,6,2007,科技园区,0,868,61239,35
丰台,庄维多摩市三期 ,2室1厅,85.64平米,西南,精装,有,低,22,2006,七里庄,1,530,61887,36
丰台,富锦嘉园四区 ,2室1厅,100.59平米,南 北,精装,无,中,7,2002,科技园区,0,538,53485,26
丰台,南庭新苑南区 ,2室1厅,58.78平米,南,简装,有,低,15,2010,新宫,0,330,56142,123
丰台,益星园 ,2室2厅,97.57平米,南 北,精装,有,高,9,2004,马家堡,1,750,76868,6
丰台,三环新城8号院 ,3室1厅,120.11平米,南,精装,有,中,22,2006,玉泉营,1,636,52952,101
丰台,汇丰家园 ,2室1厅,108.88平米,东 西,精装,无,低,7,2002,玉泉营,1,510,46841,6
丰台,华芳园 ,3室1厅,96.54平米,东南 北,精装,有,低,24,1999,成寿寺,1,459,47546,203
丰台,建邦枫景 ,3室1厅,138.02平米,南 北,毛坯,有,中,9,2011,青塔,1,829,60064,52
丰台,建邦枫景 ,3室2厅,88.61平米,南 北,精装,有,中,22,2011,青塔,1,458,51688,69
丰台,保利百合 ,3室2厅,145.14平米,南 北,简装,有,底,21,2009,丽泽,1,1100,75789,48
丰台,大成郡 ,3室2厅,112.9平米,南 北,精装,有,高,7,2010,岳各庄,0,940,83260,83
丰台,南三环中路 ,3室1厅,69.4平米,南 北,简装,有,中,14,1980,刘家窑,1,378,54467,73
丰台,草桥欣园四区 ,3室1厅,103.96平米,东南,简装,有,高,16,2003,草桥,1,630,60601,49
丰台,糖人街 ,1室1厅,59.02平米,北,简装,有,高,24,2004,太平桥,1,400,67774,76
丰台,第七街区 ,2室2厅,102.79平米,南,简装,有,高,18,2007,岳各庄,0,720,70046,2
丰台,芳城园一区 ,3室1厅,97平米,东南,简装,有,高,25,1990,方庄,1,565,58248,18
丰台,慧时欣园 ,2室1厅,89.98平米,西北,简装,有,高,25,2001,木樨园,1,460,51123,28
丰台,青秀雅苑 ,1室1厅,72.6平米,南,精装,有,低,21,2011,玉泉营,0,335,46144,41
丰台,天龙华鹤 ,2室1厅,69.09平米,南,精装,有,中,29,2008,科技园区,1,310,44870,127
丰台,南庭新苑北区 ,2室1厅,58.78平米,南,简装,有,中,16,2012,新宫,1,342,58184,37
丰台,和义东里三区 ,2室1厅,56.39平米,南 北,简装,无,中,6,1989,和义,1,264,46817,106
丰台,万科紫苑 ,3室1厅,170.09平米,南 北,精装,有,低,9,2008,青塔,1,1070,62908,50
丰台,中景理想家 ,1室1厅,54.03平米,南,简装,有,中,19,2007,玉泉营,1,370,68481,83
丰台,三环新城7号院 ,2室2厅,91.42平米,东南,简装,有,低,29,2005,玉泉营,1,518,56662,39
丰台,建欣苑三里 ,2室1厅,67.31平米,东 西,简装,无,低,6,2002,大红门,1,333,49473,42
丰台,天伦锦城 ,2室1厅,91.88平米,南 北,简装,有,中,9,2003,花乡,0,420,45712,54
丰台,左右坊 ,2室1厅,62.18平米,西,精装,有,顶,16,2009,马家堡,1,378,60792,79
丰台,珠江峰景 ,3室2厅,120.06平米,东南,精装,有,高,21,2007,岳各庄,0,668,55639,62
丰台,上海建筑 ,2室2厅,101.28平米,南 北,精装,有,中,11,2010,大红门,0,698,68918,22
丰台,方宝苑 ,2室1厅,86.24平米,西南,简装,有,中,13,2000,成寿寺,1,443,51369,81
丰台,角门东里 ,2室1厅,54.11平米,南 北,简装,无,顶,6,1990,角门,1,306,56552,31
丰台,鑫兆雅园南区 ,2室1厅,74.54平米,西 北,简装,有,中,22,2003,刘家窑,1,446,59834,72
丰台,南木樨园 ,2室1厅,55.63平米,南 北,精装,无,中,6,1986,木樨园,1,328,58961,148
丰台,同馨家园 ,2室1厅,75.63平米,南,简装,无,低,18,2012,青塔,0,383,50642,42
丰台,太平桥东里 ,1室1厅,49.1平米,东,简装,有,高,24,1989,太平桥,1,360,73320,12
丰台,西马金润二区 ,2室1厅,80.3平米,南 北,毛坯,有,低,13,1998,马家堡,1,430,53550,84
丰台,晓月新城 ,1室1厅,55.26平米,东,简装,有,顶,24,2007,卢沟桥,0,245,44336,58
丰台,芳古园一区 ,2室1厅,57.02平米,南 北,简装,无,低,6,1992,方庄,1,398,69801,17
丰台,万泉寺南里 ,1室1厅,51.96平米,南 西 北,简装,无,顶,4,1996,菜户营,0,319,61394,48
丰台,优筑 ,2室1厅,77.09平米,西北,精装,有,低,16,2007,玉泉营,0,480,62265,42
丰台,西府景园 ,3室1厅,119.39平米,南 北,简装,有,中,23,2004,岳各庄,0,660,55282,77
丰台,长安新城二区 ,3室2厅,116.48平米,南 北,简装,有,低,11,2002,青塔,0,690,59238,46
丰台,政馨园三区 ,2室1厅,92.44平米,西,简装,有,高,22,2003,宋家庄,1,455,49222,10
丰台,珠江峰景 ,4室2厅,146.94平米,南,精装,有,顶,21,2006,岳各庄,0,845,57507,42
丰台,望园东里 ,2室2厅,107.63平米,东南,精装,有,中,24,2005,七里庄,1,599,55654,14
丰台,南木樨园 ,2室1厅,57.38平米,南 北,简装,无,中,5,1986,木樨园,1,322,56118,39
丰台,筑梦园 ,2室2厅,110.19平米,南 北,精装,有,高,12,2004,刘家窑,1,730,66250,15
丰台,和义西里三区 ,2室1厅,53.4平米,南 北,精装,无,顶,6,2000,和义,1,249,46630,71
丰台,玉林里小区 ,2室1厅,61.2平米,南,精装,有,低,18,1993,右安门外,0,430,70262,33
丰台,长安新城一区 ,3室2厅,139.8平米,南 北,简装,有,中,17,2004,青塔,0,780,55794,45
丰台,万年花城四期 ,1室1厅,59.57平米,北,精装,有,高,18,2008,玉泉营,1,413,69331,51
丰台,珠江骏景中区 ,1室1厅,63.79平米,北,简装,有,中,24,2002,西罗园,1,390,61139,24
丰台,莲花池西里6号院 ,3室1厅,92.27平米,东 南 西,简装,有,低,12,1995,六里桥,1,680,73697,42
丰台,玉林里小区 ,3室1厅,73.9平米,东南 南 北,简装,有,高,18,1993,右安门外,0,540,73072,24
丰台,西马金润二区 ,2室1厅,73.95平米,南 北,精装,无,中,6,1998,马家堡,0,437,59094,156
丰台,怡海花园恒泰园 ,2室1厅,61.21平米,南 北,精装,无,中,6,1997,科技园区,1,428,69924,66
丰台,新华街二里 ,2室1厅,56.1平米,南 北,精装,无,高,6,1995,看丹桥,1,305,54368,241
丰台,贾家花园甲1号院 ,2室1厅,58.4平米,东 西,精装,无,低,6,1996,刘家窑,1,340,58220,84
丰台,长安新城一区 ,2室2厅,106.69平米,西南,简装,有,中,28,2006,青塔,0,485,45459,65
丰台,阳光花园 ,3室1厅,138.71平米,南 北,精装,有,高,19,2009,角门,1,970,69931,10
丰台,大红门35号院 ,2室1厅,73.46平米,南 北,精装,无,顶,6,1998,角门,1,365,49687,53
丰台,汇达公寓 ,2室1厅,86.1平米,东南,简装,有,低,26,2000,西罗园,0,470,54588,56
丰台,晓月新城 ,1室0厅,41.1平米,北,简装,有,低,24,2007,卢沟桥,0,210,51095,123
丰台,横一条 ,1室1厅,39.19平米,南,简装,无,中,5,1990,宋家庄,1,249,63537,96
丰台,南曦大厦 ,2室1厅,115.88平米,南,精装,有,中,22,2004,木樨园,1,535,46169,20
丰台,丽水园 ,2室1厅,112.21平米,南,精装,有,中,12,2004,马家堡,1,749,66750,12
丰台,丽水园 ,3室2厅,129.18平米,南 北,精装,有,中,9,2006,马家堡,1,855,66187,40
丰台,长安新城二区 ,3室2厅,121.34平米,南 北,简装,有,底,11,2002,青塔,0,699,57607,113
丰台,远洋自然 ,3室2厅,147.21平米,南 北,简装,有,底,10,2006,大红门,1,900,61138,85
丰台,未来上层 ,2室2厅,96.35平米,南 北,简装,有,中,13,2005,草桥,1,720,74728,10
丰台,万恒家园 ,2室1厅,90.52平米,南 北,精装,无,中,6,2005,青塔,1,495,54685,2
丰台,圣淘沙 ,2室1厅,78.47平米,西南,简装,有,中,19,2007,木樨园,1,468,59641,103
丰台,草桥欣园三区 ,2室1厅,75.74平米,南 北,精装,有,低,12,1999,草桥,1,515,67996,78
丰台,银地家园 ,2室1厅,94.72平米,南 北,精装,有,中,16,2002,花乡,0,459,48459,49
丰台,西府景园 ,2室1厅,89.32平米,西北,精装,有,中,23,2004,岳各庄,0,459,51389,34
丰台,洋桥西里 ,2室1厅,57.9平米,南 北,简装,无,高,6,1990,洋桥,1,308,53196,174
丰台,铁路小区 ,2室1厅,62.22平米,南 北,精装,无,中,6,1997,六里桥,0,510,81968,20
丰台,三环新城8号院 ,2室1厅,96.85平米,东 南 北,精装,有,高,22,2007,玉泉营,1,530,54724,25
丰台,福海小区 ,2室1厅,85.84平米,南 北,精装,有,低,14,2004,角门,1,560,65238,8
丰台,大成郡 ,2室1厅,98.17平米,东北,精装,有,中,8,2011,岳各庄,0,690,70287,37
丰台,政馨园一区 ,1室1厅,47.25平米,北,简装,有,1,1,2003,宋家庄,1,254,53757,183
丰台,宝隆温泉公寓 ,1室1厅,56.8平米,南,简装,有,高,31,2000,科技园区,1,270,47536,132
丰台,马家堡东里 ,2室1厅,56.2平米,南 北,精装,无,顶,6,1987,洋桥,0,310,55161,52
丰台,马家堡路29号院 ,3室1厅,65.18平米,南 西 北,简装,无,顶,6,1989,洋桥,0,340,52164,90
丰台,芳城园一区 ,2室1厅,62.49平米,西南,精装,有,低,27,1991,方庄,1,412,65931,76
丰台,角门东里 ,3室1厅,69.74平米,东北,简装,无,高,6,1995,角门,1,358,51334,76
丰台,远洋自然 ,1室1厅,56.54平米,东,简装,有,顶,15,2007,大红门,1,329,58189,22
丰台,广安﹒康馨家园 ,3室1厅,91.81平米,东南 北,精装,有,低,26,2015,青塔,0,459,49995,157
丰台,新华街七里 ,2室1厅,61.5平米,东 西 北 东北,精装,有,中,24,2000,看丹桥,1,328,53334,172
丰台,嘉园一里 ,1室1厅,48.11平米,西,精装,有,低,20,1997,马家堡,1,308,64020,38
丰台,翠林三里 ,1室1厅,43.1平米,南,简装,无,中,6,2000,北京南站,1,269,62413,41
丰台,政馨园三区 ,2室1厅,94.9平米,南,简装,有,高,22,2003,宋家庄,1,525,55322,13
丰台,青塔东里 ,2室1厅,70.45平米,西,简装,无,中,6,1996,青塔,0,365,51810,6
丰台,万年花城二期 ,3室2厅,132.89平米,南 北,简装,有,中,9,2005,玉泉营,1,920,69231,57
丰台,珠江骏景北区 ,1室1厅,70.76平米,北,精装,有,低,18,2005,西罗园,1,415,58649,43
丰台,明日嘉园 ,2室2厅,107.42平米,南,简装,有,低,23,2003,马家堡,1,710,66096,9
丰台,风景club ,3室2厅,159.81平米,西南,简装,有,中,15,2007,草桥,1,980,61323,9
丰台,司达小区 ,3室1厅,83.1平米,东南 北,简装,无,中,6,1993,角门,1,410,49339,8
丰台,司达小区 ,3室1厅,83.1平米,东南 北,简装,无,中,6,1993,角门,1,410,49339,8
丰台,珠江峰景 ,3室2厅,119.6平米,东南,精装,有,高,21,2006,岳各庄,0,670,56021,36
丰台,玺萌丽苑 ,3室1厅,126平米,东北,精装,有,中,24,2002,草桥,1,729,57858,8
丰台,新华街五里 ,2室1厅,68.72平米,南 北,简装,无,低,14,2000,看丹桥,1,365,53115,90
丰台,三环新城8号院 ,2室1厅,100.8平米,南 北,精装,有,低,22,2006,玉泉营,1,535,53076,54
丰台,育芳园 ,2室1厅,73.92平米,南 北,精装,无,高,6,1993,玉泉营,1,405,54789,53
丰台,政馨园二区 ,1室1厅,64.77平米,西,精装,有,中,21,2004,宋家庄,1,325,50178,6
丰台,丰台西路41号院 ,2室1厅,61.59平米,南 北,简装,无,顶,6,1996,五里店,0,258,41890,82
丰台,新华街八里 ,2室1厅,79.92平米,西南,简装,有,低,23,2002,看丹桥,1,415,51927,32
丰台,南三环中路 ,2室1厅,79.07平米,南 北,精装,有,高,16,2004,刘家窑,1,418,52865,152
丰台,芳园 ,2室1厅,59.72平米,东 南 西,精装,无,中,6,1995,青塔,0,309,51742,39
丰台,开阳里七区 ,2室1厅,73.93平米,南 北,简装,无,中,6,2002,北京南站,0,520,70337,9
丰台,角门13号院 ,2室1厅,62.74平米,南 北,简装,无,高,6,1995,马家堡,1,335,53395,48
丰台,苗圃东里 ,2室1厅,65.88平米,东南,简装,有,低,22,1998,赵公口,1,358,54342,40
丰台,万年花城二期 ,2室2厅,97.72平米,南,精装,有,低,9,2007,玉泉营,1,688,70406,22
丰台,上海建筑 ,2室1厅,105.59平米,南 北,简装,有,低,10,2010,大红门,0,610,57771,123
丰台,青塔秀园 ,1室1厅,46.39平米,南,毛坯,无,低,6,1994,青塔,0,243,52382,83
丰台,嘉园二里 ,2室1厅,62.15平米,西北,简装,有,高,20,1998,马家堡,1,343,55190,190
丰台,嘉园一里 ,2室1厅,57.77平米,南 北,简装,有,中,18,1997,马家堡,1,355,61451,446
丰台,广安﹒康馨家园 ,2室1厅,81.68平米,南 北,精装,有,高,34,2015,青塔,0,408,49952,29
丰台,洋桥北里 ,2室1厅,54.7平米,南 北,简装,无,中,6,1988,洋桥,1,335,61244,15
丰台,珠江骏景中区 ,2室1厅,98.47平米,南 北,简装,有,中,24,2002,西罗园,1,620,62964,50
丰台,星河城西区 ,2室1厅,90.99平米,东,简装,有,中,17,2006,马家堡,1,635,69788,36
丰台,角门东里 ,2室1厅,64.81平米,南,简装,有,高,19,1993,角门,1,405,62491,11
丰台,西翠芳庭 ,3室1厅,120.43平米,西南 北,精装,有,中,22,2002,青塔,0,560,46501,12
丰台,西马金润二区 ,2室2厅,104.68平米,东南,简装,有,高,17,2005,马家堡,1,635,60662,8
丰台,马家堡西里 ,3室1厅,73.62平米,南 北,精装,无,低,6,1993,马家堡,1,450,61125,17
丰台,慧时欣园 ,2室2厅,102.1平米,东南,精装,有,高,27,2003,木樨园,1,585,57297,7
丰台,首科花园 ,3室1厅,114.94平米,西南,精装,有,顶,24,2005,太平桥,1,740,64382,65
丰台,久敬佳园三区 ,2室1厅,98.2平米,南 北,精装,无,低,6,2005,和义,0,495,50408,37
丰台,威尔夏大道 ,2室1厅,128.65平米,西南 北,精装,有,高,21,2006,太平桥,1,920,71512,26
丰台,恋日嘉园二期 ,3室2厅,163.96平米,南 北,简装,有,高,15,2005,草桥,1,1055,64345,35
丰台,玺萌丽苑 ,3室1厅,117.23平米,东,精装,有,中,24,2003,草桥,1,679,57921,52
丰台,开阳里六区 ,4室1厅,165.72平米,南 北,精装,有,低,24,2002,北京南站,1,960,57930,50
丰台,丰益花园西区 ,3室1厅,111.42平米,东南 北,精装,有,高,25,2001,丽泽,1,600,53851,26
丰台,彩虹城五区 ,1室1厅,54.57平米,西 北,精装,有,高,15,2005,赵公口,1,326,59740,41
丰台,东大街西里 ,2室1厅,57.04平米,南 北,精装,无,高,6,1990,七里庄,1,315,55225,155
丰台,万年花城四期 ,2室1厅,96.47平米,南,简装,有,低,27,2008,玉泉营,1,618,64062,81
丰台,苗圃东里 ,2室1厅,65.88平米,西南,简装,有,高,22,1998,赵公口,1,349,52976,118
丰台,芳群园二区 ,2室1厅,58.98平米,南 西,简装,有,中,25,1990,方庄,1,388,65786,40
丰台,和光里 ,1室1厅,54.78平米,北,简装,有,高,16,2005,五里店,1,278,50749,56
丰台,宝隆温泉公寓 ,1室1厅,39.12平米,西南,精装,有,高,31,2000,科技园区,1,218,55726,108
丰台,万源西里 ,2室1厅,67.4平米,南,简装,无,底,4,1990,旧宫,1,340,50446,8
丰台,金泰城丽湾 ,2室1厅,86.2平米,南 北,精装,有,高,18,2007,菜户营,0,735,85267,37
丰台,枫竹苑二区 ,2室1厅,90.16平米,西南,精装,有,高,17,2003,马家堡,1,575,63776,33
丰台,马家堡西里 ,2室1厅,75.7平米,西北,简装,有,高,24,2006,马家堡,1,442,58389,74
丰台,天伦锦城 ,2室1厅,83.3平米,东,简装,有,中,13,2004,花乡,0,392,47059,56
丰台,嘉丽园 ,2室1厅,83.75平米,东,简装,有,中,24,2001,马家堡,1,510,60896,99
丰台,万科紫苑 ,3室2厅,91.22平米,南 北,精装,有,中,9,2010,青塔,1,625,68516,116
丰台,西马金润二区 ,2室1厅,104.61平米,南 西南,简装,有,顶,18,2005,马家堡,1,628,60033,7
丰台,世华水岸F区 ,3室2厅,155.7平米,南 北,精装,有,中,9,2009,赵公口,1,950,61015,30
丰台,晓月新城 ,1室1厅,57.95平米,北,精装,有,中,24,2008,卢沟桥,0,253,43659,31
丰台,北大街南里 ,2室1厅,51.6平米,南 北,简装,无,低,6,1983,北大地,1,329,63760,8
丰台,富丰园小区 ,1室1厅,44.4平米,南 北,简装,无,中,6,1994,科技园区,0,245,55181,73
丰台,长安新城一区 ,3室1厅,111.76平米,东 北,精装,有,低,28,2006,青塔,0,500,44739,62
丰台,宣祥家园 ,2室1厅,72.43平米,西北,简装,有,高,24,2005,木樨园,1,355,49013,5
丰台,西府兰庭 ,3室2厅,153.12平米,南 北,精装,有,低,18,2006,岳各庄,0,1100,71840,11
丰台,莲怡园二区 ,3室1厅,127.1平米,南 北,精装,有,中,16,2006,六里桥,1,738,58065,29
丰台,南开地 ,2室1厅,50.5平米,南,简装,无,中,5,1985,看丹桥,1,245,48515,32
丰台,胡桃园 ,3室1厅,115.97平米,南 北,简装,无,中,6,2000,七里庄,0,560,48289,28
丰台,政怡家园 ,2室1厅,80.57平米,西南,精装,有,高,15,2006,宋家庄,1,498,61810,3
丰台,嘉和人家 ,2室1厅,89.91平米,东 西,精装,无,中,6,2002,宋家庄,1,486,54055,4
丰台,嘉园二里 ,2室1厅,58.11平米,南 北,简装,无,中,6,1998,马家堡,1,365,62812,15
丰台,南方庄小区 ,3室1厅,76.9平米,南,精装,有,低,14,1993,宋家庄,1,458,59558,41
丰台,怡海花园富泽园 ,3室2厅,151.62平米,西南 北,简装,有,高,30,2001,科技园区,1,849,55996,14
丰台,明月嘉园 ,1室0厅,43.38平米,北,简装,有,高,24,2004,马家堡,1,289,66621,16
丰台,世纪金色嘉园 ,1室1厅,26.03平米,西,精装,有,低,28,2003,北京南站,0,205,78756,112
丰台,日新家园 ,1室1厅,54.62平米,南 北,简装,无,中,6,1997,赵公口,1,297,54376,13
丰台,玉安园 ,2室1厅,89.44平米,西南,简装,有,中,20,2000,草桥,1,510,57022,10
丰台,玺萌鹏苑 ,1室1厅,66.88平米,西,精装,有,中,24,2002,草桥,1,385,57566,7
丰台,京铁家园 ,2室1厅,89.03平米,南,简装,有,高,22,2002,六里桥,0,498.5,55993,87
丰台,新华街五里 ,2室1厅,70.58平米,西南,精装,有,高,24,2000,看丹桥,1,398,56390,36
丰台,五里店南里 ,1室1厅,42.48平米,南,毛坯,无,中,6,1990,五里店,0,205,48259,96
丰台,玉林里小区 ,2室1厅,57.7平米,西南,精装,无,顶,6,1993,右安门外,0,355,61526,135
丰台,久敬佳园二区 ,2室2厅,102平米,南,简装,无,高,6,2006,和义,0,465,45589,18
丰台,芳城东里 ,3室2厅,75.73平米,南 北,精装,无,中,7,1995,方庄,1,540,71306,122
丰台,三环新城6号院 ,3室1厅,116.48平米,南 北,简装,有,高,10,2005,玉泉营,1,660,56663,20
丰台,万柳园小区 ,2室1厅,55.44平米,西北,精装,无,低,6,1991,玉泉营,1,320,57721,42
丰台,南顶村 ,2室1厅,59.3平米,南 北,精装,无,底,6,1991,赵公口,1,335,56493,28
丰台,静馨嘉苑 ,3室1厅,134.31平米,南 北,简装,有,中,13,2002,成寿寺,1,708,52714,32
丰台,大红门东门里 ,3室1厅,72.6平米,南 北,简装,无,低,6,1985,大红门,1,389,53582,29
丰台,万年花城一期 ,2室1厅,100.39平米,南,简装,有,中,16,2005,玉泉营,1,680,67736,43
丰台,芳星园三区 ,2室1厅,65.57平米,南,简装,有,高,25,1995,方庄,1,439,66952,5
丰台,石榴园南里小区 ,1室1厅,57.84平米,南 北,简装,有,中,10,1998,刘家窑,1,268,46335,1165
丰台,京铁家园 ,2室1厅,95.71平米,南 西,简装,有,底,22,2002,六里桥,0,480,50152,112
丰台,刘家窑南里 ,2室1厅,54.4平米,南 北,简装,无,高,6,1989,蒲黄榆,1,307,56434,73
丰台,六里桥北里 ,2室1厅,57.12平米,南 北,简装,无,中,6,1985,六里桥,1,342,59874,120
丰台,京投银泰万科西华府 ,2室1厅,83平米,南,精装,有,中,20,2016,科技园区,0,545,65663,14
丰台,成寿寺路25号院 ,2室1厅,98.01平米,西南,简装,有,高,25,2000,成寿寺,1,566,57750,11
丰台,富卓苑 ,2室1厅,90.16平米,西北,精装,有,顶,20,1999,马家堡,1,510,56567,59
丰台,西马金润二区 ,3室1厅,67.4平米,南 北,简装,无,顶,6,1998,马家堡,0,380,56380,96
丰台,和义西里三区 ,2室1厅,80.5平米,南 北,简装,无,低,6,2001,和义,1,368,45715,115
丰台,天伦锦城 ,3室2厅,137.78平米,西南 北,精装,有,低,12,2010,花乡,0,619,44927,22
丰台,四方景园二区 ,2室1厅,91.14平米,西北,精装,有,中,28,2005,成寿寺,1,485,53215,44
丰台,南庭新苑北区 ,2室1厅,58.7平米,南,简装,有,低,16,2012,新宫,1,345,58774,28
丰台,星河城东区 ,3室2厅,133.35平米,南 北,精装,有,中,11,2007,马家堡,1,930,69742,17
丰台,晨欣园 ,2室2厅,78.74平米,南 北,精装,无,中,6,1998,马家堡,1,498,63247,17
丰台,福顺里 ,2室2厅,81.73平米,东 西,简装,有,低,18,2002,北大地,0,440,53836,12
丰台,丰益花园西区 ,2室1厅,74.35平米,南 北,简装,有,底,9,2000,丽泽,1,470,63215,15
丰台,建邦枫景 ,3室2厅,137.55平米,南 北,精装,有,底,9,2011,青塔,1,890,64704,32
丰台,四方景园二区 ,1室1厅,56.84平米,北,精装,有,高,28,2005,成寿寺,1,315,55419,22
丰台,万年花城新回迁 ,2室1厅,74.85平米,南,精装,有,中,15,2010,玉泉营,1,486,64930,8
丰台,定安东里 ,3室1厅,87.7平米,西南,简装,有,顶,18,1999,蒲黄榆,1,455,51882,75
丰台,看丹路10号院 ,1室1厅,39.86平米,南,简装,无,低,6,1980,科技园区,0,229,57452,26
丰台,未来66 ,1室0厅,55.42平米,西南,简装,有,低,22,2004,马家堡,1,335,60448,5
丰台,星河城西区 ,1室1厅,67.04平米,东,精装,有,高,20,2006,马家堡,1,450,67125,19
丰台,万科紫苑 ,2室1厅,80.45平米,东 西,精装,无,中,4,2010,青塔,1,535,66501,37
丰台,玉林里小区 ,2室1厅,57.4平米,北 南,精装,无,低,6,1989,右安门外,0,370,64460,15
丰台,红星北里 ,2室1厅,51.41平米,南 北,精装,无,顶,7,2000,和义,0,235,45711,37
丰台,尚西泊图 ,1室1厅,64.25平米,西北,精装,有,中,21,2004,太平桥,1,413,64281,6
丰台,银地家园 ,2室1厅,94.42平米,南 北,简装,有,低,9,2002,花乡,0,420,44483,42
丰台,星河城东区 ,1室1厅,60.53平米,东,精装,有,中,17,2007,马家堡,1,432,71370,31
丰台,顺驰蓝调 ,2室1厅,107.18平米,南,精装,有,高,19,2008,菜户营,0,885,82572,32
丰台,广安﹒康馨家园 ,1室1厅,59.94平米,南,精装,有,中,34,2015,青塔,0,277,46213,48
丰台,和义东里五区 ,2室1厅,58.84平米,南 北,精装,无,中,6,1985,和义,1,278,47247,19
丰台,珠江骏景北区 ,3室1厅,125.71平米,南 北,简装,有,中,18,2005,西罗园,1,780,62048,27
丰台,西罗园四区 ,2室1厅,69.24平米,南,简装,有,低,24,1991,西罗园,0,385,55604,91
丰台,同馨家园 ,2室1厅,73.84平米,东 西,精装,无,中,16,2012,青塔,0,366,49567,21
丰台,西罗园南里 ,2室1厅,57平米,南 北,精装,无,中,6,1993,西罗园,1,335,58772,41
丰台,世纪金色嘉园 ,1室1厅,65.98平米,东 北,精装,有,中,28,2003,北京南站,0,438,66384,23
丰台,金泰城丽湾 ,3室2厅,139.76平米,东南 北,精装,有,中,27,2008,菜户营,0,1250,89440,8
丰台,卢沟桥南里 ,3室1厅,68.85平米,南 北,简装,无,高,6,1987,卢沟桥,0,300,43573,8
丰台,彩虹城二区 ,2室1厅,91.23平米,南,精装,有,低,13,2004,赵公口,1,580,63576,14
丰台,蒲黄榆五巷 ,2室1厅,49.57平米,南,精装,无,高,6,1970,蒲黄榆,1,290,58504,90
丰台,正阳小区 ,2室1厅,66.78平米,南 北,简装,无,高,6,1998,北大地,1,448,67086,9
丰台,万源东里 ,2室1厅,54.1平米,南 北,简装,无,顶,5,1980,旧宫,1,275,50832,9
丰台,华芳园 ,3室1厅,96.55平米,西北,精装,有,低,24,1999,成寿寺,1,458,47437,72
丰台,芳群园一区 ,2室1厅,59.99平米,东南,精装,有,高,25,1990,方庄,1,399,66512,47
丰台,南苑北里一区 ,2室1厅,76.89平米,南 北,精装,无,顶,6,2000,和义,1,325,42269,35
丰台,万年花城二期 ,1室1厅,51.71平米,西,精装,有,中,27,2006,玉泉营,1,365,70586,9
丰台,南庭新苑北区 ,2室1厅,58.72平米,南,精装,有,中,16,2012,新宫,1,330,56199,54
丰台,建欣苑四里 ,2室1厅,66.5平米,南 北,简装,无,中,6,1998,大红门,1,368,55339,20
丰台,草桥欣园三区 ,2室1厅,74.12平米,南 北,精装,无,高,6,1998,草桥,1,458,61792,144
丰台,前泥洼小区 ,2室1厅,64.12平米,西南,精装,无,顶,12,1999,丽泽,1,373,58173,75
丰台,芳星园三区 ,2室1厅,63.47平米,东南,简装,有,低,25,1995,方庄,1,415,65386,42
丰台,设计师广场 ,1室0厅,48.05平米,东北,简装,有,高,23,2008,科技园区,1,249,51822,11
丰台,益明园 ,1室0厅,44.48平米,南,精装,有,低,15,2004,马家堡,1,330,74191,7
丰台,广安﹒康馨家园 ,2室1厅,76.52平米,南 北,简装,无,高,34,2015,青塔,0,382.6,50000,21
丰台,和义东里四区 ,2室1厅,59平米,东 西,简装,无,中,6,1986,和义,1,258,43729,52
丰台,城市芳庭 ,4室2厅,143.84平米,西南 北,简装,有,中,22,2000,方庄,1,810,56313,10
丰台,芳古园一区 ,2室1厅,61.93平米,西南,精装,有,顶,18,1990,方庄,1,403,65074,16
丰台,万年花城三期 ,3室2厅,128.38平米,南 北,简装,有,低,14,2006,玉泉营,1,779,60680,91
丰台,gogo新世代 ,1室1厅,46.39平米,西,精装,有,低,30,2005,方庄,1,310,66825,39
丰台,角门东里 ,2室1厅,58.7平米,南 北,简装,无,顶,6,1993,角门,1,303,51619,24
丰台,芳群园二区 ,2室2厅,94.13平米,南 北,精装,有,高,25,1990,方庄,1,530,56306,66
丰台,紫芳园一区 ,2室1厅,78.4平米,南,简装,有,高,25,2002,方庄,1,550,70154,22
丰台,正阳小区 ,1室1厅,56.31平米,东 西,精装,无,高,6,1998,北大地,1,340,60381,13
丰台,银地家园 ,1室0厅,50.86平米,南,简装,有,高,13,2004,花乡,0,265,52104,13
丰台,芳群园二区 ,3室1厅,72平米,南 北,精装,无,中,5,1992,方庄,1,505,70139,89
丰台,兴琦家园 ,2室1厅,84.66平米,南 西,精装,无,高,6,2004,马家堡,1,530,62604,4
丰台,天伦锦城 ,1室0厅,40.82平米,北,简装,有,低,20,2007,花乡,0,227,55610,11
丰台,万科中粮假日风景 ,2室1厅,99.87平米,东 南,精装,有,高,9,2007,青塔,1,669,66988,12
丰台,芳星园三区 ,1室1厅,45.9平米,南,简装,有,高,25,1994,方庄,1,330,71896,2
丰台,青塔东里 ,3室2厅,98.84平米,南 北,简装,无,中,7,1998,青塔,0,540,54634,20
丰台,银地家园 ,1室1厅,70.17平米,东 西,简装,有,低,14,2004,花乡,0,335,47742,3
丰台,春园 ,1室1厅,53.85平米,东南,简装,有,低,24,1999,青塔,0,279,51811,30
丰台,太平桥西里 ,2室1厅,62.07平米,西北,精装,有,低,18,2000,太平桥,1,428,68955,12
丰台,南苑北里三区 ,2室1厅,64.42平米,东 西 北,精装,无,中,6,1995,和义,1,305,47346,7
丰台,华富丽苑 ,1室1厅,57平米,北,精装,有,中,30,2009,青塔,0,287,50351,15
丰台,金泰城丽湾 ,1室1厅,60.77平米,西北,简装,有,中,27,2008,菜户营,0,503,82772,18
丰台,芳星园一区 ,2室1厅,61.99平米,东南,简装,有,低,25,1992,方庄,1,460,74206,2
丰台,珠江峰景 ,2室1厅,101.02平米,东南,精装,有,低,21,2006,岳各庄,0,619,61275,13
丰台,建邦枫景 ,1室1厅,66.95平米,西南,简装,有,高,9,2011,青塔,1,421,62883,4
丰台,晓月苑一里 ,2室1厅,68.92平米,南 北,简装,无,顶,6,1997,卢沟桥,0,270,39176,44
丰台,万柳园小区 ,2室1厅,54.64平米,南 北,精装,无,顶,6,1992,玉泉营,1,310,56735,24
丰台,优筑 ,1室1厅,67.03平米,西北,精装,有,中,16,2007,玉泉营,0,419,62510,21
丰台,丰西北里 ,3室1厅,68.64平米,南 北,简装,无,顶,6,1990,五里店,0,265,38608,53
丰台,杏林园 ,3室1厅,110.57平米,东 南,简装,有,低,18,1998,角门,1,598,54084,68
丰台,芳群园二区 ,2室1厅,69.36平米,南 北,精装,有,低,15,1991,方庄,1,469,67619,12
丰台,大成郡 ,3室1厅,151.11平米,南 北,精装,有,顶,7,2012,岳各庄,0,1250,82722,16
丰台,蒲黄榆二里 ,3室1厅,68.15平米,南 北,精装,无,中,6,1987,蒲黄榆,1,429,62950,8
丰台,阳光花园 ,1室0厅,46.71平米,东北,精装,有,低,19,2009,角门,1,290,62086,198
丰台,广安﹒康馨家园 ,2室1厅,72.3平米,南,简装,无,高,34,2015,青塔,0,350,48410,7
丰台,首经贸中街1号院 ,1室1厅,68.22平米,西,精装,有,中,21,2008,玉泉营,1,368,53944,16
丰台,定安东里 ,1室1厅,36.1平米,东,简装,无,中,6,1988,蒲黄榆,1,236,65374,66
丰台,马连道欣园东路 ,2室1厅,56.03平米,南 北,毛坯,无,中,6,1993,马连道,0,420,74960,7
丰台,横一条 ,2室1厅,57.73平米,南 北,简装,无,中,6,1995,宋家庄,1,298,51620,70
丰台,西马金润一区 ,1室1厅,43.83平米,北,简装,有,底,18,2005,马家堡,1,242,55214,27
丰台,左右坊 ,2室1厅,62.33平米,西,简装,有,中,16,2011,马家堡,1,385,61769,9
丰台,刘家窑北里 ,2室1厅,54.2平米,南 北,简装,无,低,6,1984,蒲黄榆,1,350,64576,1
丰台,期颐百年 ,1室1厅,58.02平米,南,简装,有,低,9,2010,花乡,0,243,41883,165
丰台,蒲安北里 ,2室1厅,54.79平米,东 西,简装,无,高,6,1988,蒲黄榆,1,325,59318,57
丰台,角门11号院 ,2室1厅,60.77平米,南,简装,有,中,16,1998,洋桥,1,348,57266,44
丰台,北大街 ,2室1厅,49.35平米,南,简装,无,中,6,1985,北大地,1,298,60386,41
丰台,芳城园二区 ,3室1厅,68.21平米,南 北,精装,无,中,4,1995,方庄,1,600,87964,36
丰台,方宝苑 ,1室1厅,71.13平米,东,精装,有,高,13,2000,成寿寺,1,375,52721,10
丰台,宋家庄家园 ,2室1厅,68.27平米,东南,简装,有,低,29,2010,刘家窑,1,280,41014,39
丰台,芳城园一区 ,2室1厅,64.9平米,东北,精装,有,低,26,1993,方庄,1,435,67027,17
丰台,芳群园二区 ,2室1厅,69.36平米,南,精装,有,底,15,1991,方庄,1,458,66033,12
丰台,西马金润二区 ,1室1厅,65.91平米,南 北,精装,无,高,6,1998,马家堡,1,363,55076,123
丰台,芳星园二区 ,3室1厅,71.7平米,南 北,精装,无,顶,6,1980,方庄,1,498,69457,8
丰台,前泥洼小区 ,3室1厅,100.7平米,南 北,简装,无,底,6,1999,丽泽,1,630,62563,37
丰台,世纪金色嘉园 ,1室0厅,29.74平米,西,简装,有,高,30,2003,北京南站,1,199,66914,94
丰台,保利欣苑 ,1室1厅,44.35平米,北,精装,有,底,9,2004,七里庄,0,240,54115,22
丰台,阳光星苑 ,2室1厅,65.8平米,南 北,简装,有,高,16,2013,西红门,0,305,46353,11
丰台,红星楼 ,2室1厅,52.74平米,南,简装,无,中,5,1980,和义,0,238,45128,4
丰台,久敬佳园一区 ,1室1厅,59.6平米,西北,简装,有,低,10,2007,和义,0,272,45638,81
丰台,四方景园一区 ,2室1厅,95.77平米,西南,简装,有,中,20,2004,成寿寺,0,450,46988,16
丰台,芳园 ,1室1厅,45.86平米,西,精装,无,低,6,1993,青塔,0,235,51243,31
丰台,方庄6号 ,3室2厅,165.66平米,南 北,简装,有,中,15,2008,方庄,1,960,57951,14
丰台,南庭新苑北区 ,1室1厅,46.12平米,东,精装,有,1,1,2012,新宫,1,239,51822,111
丰台,新华街七里 ,2室1厅,69.6平米,东 西,精装,有,中,14,1997,看丹桥,1,375,53880,33
丰台,双城公寓 ,2室1厅,97.08平米,南 西,简装,有,低,27,1999,木樨园,1,505,52019,3
丰台,蒲黄榆五巷 ,2室1厅,60.08平米,东 西,精装,无,高,6,1992,蒲黄榆,1,335,55759,10
丰台,日新家园 ,2室1厅,67.83平米,南 北,精装,无,高,6,1997,赵公口,1,365,53811,10
丰台,gogo新世代 ,1室1厅,46.39平米,东,简装,有,中,30,2005,方庄,1,315,67903,31
丰台,西罗园四区 ,1室1厅,41.19平米,东,简装,无,顶,6,1988,西罗园,1,230,55839,54
丰台,开阳里六区 ,2室1厅,70.6平米,南,简装,有,高,18,2000,北京南站,1,538,76204,9
丰台,芳城东里 ,1室1厅,42.66平米,东,简装,无,中,7,1995,方庄,1,280,65636,24
丰台,宝汇苑 ,2室1厅,80.93平米,西南,精装,有,高,24,2000,西罗园,1,415,51279,19
丰台,芳古园一区 ,2室1厅,57.49平米,南 北,简装,无,高,6,1988,方庄,1,350,60881,327
丰台,富卓苑 ,1室1厅,52.72平米,西北,简装,有,顶,20,1999,马家堡,1,305,57853,95
丰台,沸城 ,2室1厅,86.3平米,南,简装,有,中,10,2007,卢沟桥,0,375,43454,22
丰台,太平桥东里 ,1室1厅,50.72平米,南,精装,有,顶,24,1986,太平桥,1,387,76302,7
丰台,开阳里七区 ,2室1厅,76.06平米,南 北,简装,无,高,6,2002,北京南站,0,499,65607,15
丰台,苗圃东里 ,2室1厅,66.33平米,南,简装,有,中,22,1997,赵公口,1,365,55028,101
丰台,芳古园一区 ,2室1厅,58.43平米,南 北,简装,无,顶,6,1992,方庄,1,380,65036,9
丰台,玉林里小区 ,3室1厅,81.8平米,东 南 西 北,毛坯,有,低,18,1993,右安门外,0,540,66015,21
丰台,西罗园南里 ,2室1厅,68.44平米,东 西,精装,无,低,6,1999,西罗园,1,356,52017,9
丰台,太平桥西里 ,2室1厅,53.12平米,南 北,简装,无,高,6,1985,太平桥,1,371,69842,20
丰台,开阳里六区 ,2室1厅,83.65平米,南 北,精装,无,6,6,1999,北京南站,1,565,67544,27
丰台,芳星园三区 ,3室1厅,97平米,东南,简装,有,中,15,2000,方庄,1,630,64949,22
丰台,蔚园 ,1室1厅,44.26平米,南,简装,无,顶,6,1995,青塔,0,209,47221,142
丰台,阳光星苑 ,2室1厅,64.72平米,南,简装,有,高,16,2013,西红门,0,305,47127,50
丰台,西宏苑 ,2室1厅,59.45平米,南,简装,无,中,6,1998,西红门,0,248,41716,41
丰台,芳城园三区 ,3室2厅,153平米,西南,精装,有,高,25,1990,方庄,1,740,48367,13
丰台,晓月苑二里 ,1室1厅,52.65平米,南 北,简装,无,中,6,1997,卢沟桥,0,252,47864,13
丰台,南庭新苑南区 ,2室1厅,58.78平米,南,简装,有,高,15,2010,新宫,0,335,56993,17
丰台,青塔东里 ,2室1厅,84.97平米,南 北,简装,无,低,7,2001,青塔,0,467,54961,56
丰台,芳星园三区 ,2室1厅,68.28平米,南 西 北,简装,无,底,6,1995,方庄,1,430,62976,50
丰台,裕隆园 ,3室1厅,137.21平米,东北,简装,有,中,21,2004,赵公口,1,600,43729,5
丰台,卢沟桥南里 ,2室1厅,51.9平米,南 北,精装,无,中,5,1990,卢沟桥,0,248,47785,44
丰台,西马金润二区 ,3室1厅,94.89平米,南 北,简装,有,中,13,1998,马家堡,1,498,52482,110
丰台,保利百合 ,3室1厅,89.58平米,南 西 北,精装,有,中,20,2009,丽泽,1,750,83725,40
丰台,北京方向 ,2室1厅,83.6平米,南,精装,无,低,19,2015,科技园区,1,510,61005,114
丰台,鼎立水岸家园 ,2室1厅,97.59平米,南,简装,有,高,21,2007,北京南站,0,719,73676,50
丰台,新村二里 ,3室1厅,55.7平米,南 北,简装,无,中,5,1980,玉泉营,1,285,51167,26
丰台,期颐百年 ,2室1厅,83.05平米,南 北,简装,有,低,9,2010,花乡,0,369,44432,86
丰台,西罗园三区 ,1室1厅,39.49平米,东南,简装,有,低,24,1989,西罗园,0,210,53179,82
丰台,中海苏黎世家 ,1室1厅,52.28平米,东南,精装,有,高,11,2012,科技园区,0,395,75555,31
丰台,开阳里四区 ,2室1厅,56.95平米,南 北,精装,无,高,6,1988,北京南站,0,340,59702,4
丰台,右外东庄 ,2室1厅,50.4平米,南,精装,无,高,6,1980,北京南站,0,338,67064,13
丰台,华润小区 ,1室1厅,47.07平米,南,简装,无,顶,6,1996,西罗园,0,245,52051,26
丰台,设计师广场 ,1室0厅,34.24平米,西北,精装,有,中,26,2008,科技园区,0,208,60748,14
丰台,莲香园 ,2室1厅,81.61平米,东南,简装,有,中,16,1999,六里桥,0,548,67149,38
丰台,玉林东里一区 ,3室1厅,69.8平米,南 北,简装,无,中,6,1992,右安门外,0,465,66619,18
丰台,和义西里三区 ,2室1厅,81.29平米,南 北,简装,无,高,6,2004,和义,1,413,50806,5
丰台,刘家窑南里 ,1室1厅,40.66平米,南,精装,无,中,6,1991,蒲黄榆,1,255,62716,12
丰台,洋桥北里 ,2室1厅,57.3平米,南 北,精装,无,中,6,1988,洋桥,1,317,55323,13
丰台,赵公口小区 ,2室1厅,60.88平米,东南,简装,有,中,21,1998,木樨园,1,330,54205,17
丰台,远中悦麒 ,1室0厅,63.22平米,西,精装,有,中,24,2006,木樨园,1,332,52516,59
丰台,青塔秀园 ,3室2厅,99.83平米,西南,精装,有,顶,16,1996,青塔,0,560,56096,7
丰台,嘉园三里 ,1室1厅,44.44平米,西,简装,有,中,12,1997,马家堡,1,250,56256,54
丰台,诚苑南里 ,1室1厅,58.82平米,西,精装,无,中,7,2002,新宫,0,240,40803,2
丰台,红狮家园 ,1室1厅,70.76平米,东,精装,有,中,29,2010,宋家庄,1,375,52997,4
丰台,晓月苑一里 ,2室1厅,72.51平米,南 北,精装,无,中,6,1997,卢沟桥,0,323,44546,2
丰台,珠江骏景北区 ,3室1厅,134.53平米,南 北,精装,有,中,11,2004,西罗园,1,850,63183,431
丰台,世华水岸B区 ,3室2厅,161.01平米,南 北,精装,有,低,6,2009,赵公口,0,918,57016,119
丰台,怡锦园 ,1室1厅,71.45平米,东,简装,有,高,30,2003,科技园区,1,415,58083,82
丰台,丰益花园西区 ,2室1厅,77.52平米,东南,简装,有,高,25,2001,丽泽,1,500,64500,390
丰台,恒富花园1号院 ,3室2厅,114.9平米,南 北,简装,无,中,6,1995,科技园区,1,565,49174,54
丰台,大井南里 ,2室1厅,53.19平米,南 北,精装,无,顶,6,1990,岳各庄,1,286,53770,128
丰台,韩庄子西里 ,2室1厅,57.04平米,南 北,毛坯,无,中,6,1990,看丹桥,1,305,53472,41
丰台,亿城天筑 ,2室2厅,112.23平米,南,精装,有,低,9,2007,科技园区,0,670,59699,59
丰台,三环新城8号院 ,3室1厅,111.78平米,东南 北,精装,有,低,22,2006,玉泉营,1,595,53230,293
丰台,大成郡 ,2室1厅,94.82平米,南 北,精装,有,中,7,2010,岳各庄,0,800,84371,23
丰台,中海御鑫阁 ,2室1厅,90.98平米,南 北,精装,有,顶,21,2012,科技园区,1,625,68697,89
丰台,富锦嘉园四区 ,2室1厅,99.83平米,南 北,简装,无,底,7,2002,科技园区,0,499,49985,52
丰台,顶秀欣园东苑 ,2室2厅,83.81平米,西,其他,有,高,21,2006,宋家庄,1,476,56796,13
丰台,御景春天 ,1室1厅,48.52平米,东,简装,有,顶,21,2012,科技园区,1,265,54617,6
丰台,怡海花园恒丰园 ,2室1厅,83.48平米,南 北,简装,无,中,6,2001,玉泉营,1,545,65286,30
丰台,韩庄子西里 ,2室1厅,53.95平米,南 北,精装,无,中,6,1988,看丹桥,1,308,57090,44
丰台,富锦嘉园二区 ,3室2厅,122.67平米,南 北,简装,有,中,6,1999,科技园区,0,675,55026,22
丰台,怡海花园富润园 ,3室2厅,105.87平米,西南,简装,有,低,18,2001,科技园区,1,630,59507,4
丰台,中海御鑫阁 ,1室0厅,46.24平米,东,精装,有,中,20,2012,科技园区,1,320,69205,40
丰台,保利百合 ,2室1厅,90.34平米,南,简装,有,高,21,2009,丽泽,1,790,87448,154
丰台,丰体时代花园 ,2室1厅,89.64平米,西北,精装,有,低,29,2008,岳各庄,1,439,48974,57
丰台,怡海花园恒丰园 ,2室1厅,128平米,南,精装,有,中,22,2005,玉泉营,1,820,64063,26
丰台,万年花城五期 ,2室1厅,91.11平米,南 北,简装,有,低,21,2011,玉泉营,1,615,67501,329
丰台,首科花园 ,2室2厅,88.66平米,东南,简装,有,中,14,2006,太平桥,0,558,62938,2845
丰台,首经贸中街1号院 ,3室1厅,116.49平米,东南 北,精装,有,低,21,2003,玉泉营,1,615,52795,78
丰台,丰卉家园 ,2室1厅,91.67平米,南 北,精装,无,中,6,2001,五里店,0,440,47999,51
丰台,万年花城三期 ,2室2厅,96.55平米,南 北,简装,有,中,16,2006,玉泉营,1,635,65770,99
丰台,鸿业兴园一区 ,2室1厅,92.91平米,南 西 北,简装,有,低,15,2006,玉泉营,0,550,59198,74
丰台,和光里 ,2室1厅,76.58平米,南 北,简装,有,底,10,2005,五里店,0,389,50797,70
丰台,青秀城 ,3室1厅,90.49平米,南 北,简装,有,低,6,2012,玉泉营,0,625,69069,41
丰台,怡海花园富润园 ,2室1厅,83.45平米,西南,其他,有,中,18,2001,科技园区,1,510,61115,50
丰台,怡海花园富润园 ,3室1厅,152.74平米,西南 西北 东北,精装,有,低,30,2002,科技园区,1,790,51722,60
丰台,恒富中街7号院 ,2室1厅,80.08平米,南 北,简装,无,中,6,1996,科技园区,1,455,56819,19
丰台,天下儒寓 ,1室1厅,68.75平米,南,精装,有,2,2,2005,科技园区,1,309,44946,30
丰台,华芳园 ,1室1厅,64.95平米,西,简装,有,高,24,1999,成寿寺,1,340,52348,99
丰台,晓月新城 ,1室1厅,55.26平米,东南,精装,有,中,24,2007,卢沟桥,0,248,44879,8
丰台,中海苏黎世家 ,3室1厅,106.96平米,南 北,精装,有,中,11,2012,科技园区,0,849,79376,157
丰台,杏林园 ,3室1厅,110.57平米,西南,简装,有,中,18,1998,角门,1,598,54084,126
丰台,宝隆温泉公寓 ,2室1厅,67.9平米,西,简装,有,高,31,2000,科技园区,1,289,42563,502
丰台,怡海花园富泽园 ,3室1厅,151.62平米,东南 北,简装,有,低,30,2001,科技园区,1,840,55402,33
丰台,华润小区 ,2室1厅,64.19平米,西北,其他,有,底,18,1996,西罗园,1,330,51410,116
丰台,前泥洼小区 ,2室1厅,73.31平米,南 北,简装,无,顶,6,2000,丽泽,1,440,60020,193
丰台,海户屯 ,3室1厅,68.7平米,南 北,简装,无,顶,6,板楼,西罗园,1,369,53712,111
丰台,南三环东路 ,3室1厅,87.12平米,东南,简装,有,底,18,1990,刘家窑,1,430,49358,105
丰台,慧时欣园 ,2室1厅,90.13平米,西北,简装,有,中,25,2001,木樨园,1,439,48708,338
丰台,怡海花园恒泰园 ,3室2厅,209.74平米,西南,精装,有,高,29,2005,科技园区,1,1350,64366,48
丰台,看丹苑 ,3室2厅,131.74平米,南 北,简装,有,低,16,2000,看丹桥,1,670,50858,112
丰台,御景春天 ,1室1厅,63.01平米,东 南 西,精装,有,低,21,2012,科技园区,1,320,50786,470
丰台,鸿业兴园一区 ,1室1厅,57.99平米,西,精装,有,中,21,2006,玉泉营,0,378,65184,42
丰台,阳光四季 ,2室1厅,94.21平米,西北,简装,有,高,18,1996,科技园区,1,499,52967,17
丰台,万年花城二期 ,3室2厅,132.89平米,南 北,精装,有,中,9,2005,玉泉营,1,925,69607,16
丰台,明月嘉园 ,2室1厅,83.19平米,东北,精装,有,顶,24,2004,马家堡,1,525,63109,135
丰台,太平桥小区 ,2室1厅,55.3平米,东 南,简装,有,低,24,1980,太平桥,1,375,67812,51
丰台,西局欣园南区 ,2室1厅,118.53平米,南 北,简装,有,低,16,2002,七里庄,1,755,63697,98
丰台,万年花城三期 ,3室1厅,120.44平米,南 北,精装,有,高,16,2006,玉泉营,1,788,65427,80
丰台,韩庄子二里 ,2室1厅,56.83平米,南 北,精装,无,中,6,1992,看丹桥,1,330,58068,167
丰台,新华街五里 ,2室1厅,59.59平米,南 北,精装,无,低,6,1992,看丹桥,1,334,56050,108
丰台,玺萌鹏苑 ,1室1厅,57.24平米,南,精装,有,高,24,2002,草桥,1,366,63942,3
丰台,庄维花园 ,3室2厅,145.42平米,东南,简装,有,顶,24,2001,七里庄,1,730,50200,200
丰台,汇丰家园 ,3室1厅,119.13平米,南 北,简装,无,中,7,2002,玉泉营,0,720,60439,48
丰台,西罗园四区 ,2室1厅,63.24平米,南 北,简装,无,顶,5,1990,西罗园,1,340,53764,261
丰台,鸿业兴园一区 ,3室1厅,128.7平米,西南,简装,有,低,21,2006,玉泉营,0,820,63715,11
丰台,北大地四里 ,2室1厅,64.7平米,南 北,精装,无,高,6,1990,北大地,1,350,54096,131
丰台,北大街北里 ,3室2厅,126.5平米,南 北,精装,无,中,6,2003,七里庄,1,670,52965,158
丰台,世纪金色嘉园 ,2室1厅,122.81平米,西北,简装,有,中,28,2003,北京南站,0,845,68806,21
丰台,怡海花园恒丰园 ,2室2厅,133.45平米,西南,简装,有,高,22,2005,玉泉营,0,780,58449,27
丰台,卢沟桥南里 ,3室1厅,111.14平米,南 北,简装,无,高,6,2002,卢沟桥,0,439,39500,41
丰台,鸿业兴园一区 ,2室1厅,104.76平米,南 北,精装,有,中,15,2006,玉泉营,0,695,66343,24
丰台,怡海花园富润园 ,2室1厅,100.39平米,西南,简装,有,高,18,2001,科技园区,1,610,60764,13
丰台,怡海花园恒泰园 ,3室2厅,204.36平米,南 北,简装,有,低,29,2005,科技园区,1,1243,60825,10
丰台,文体路38号院 ,3室1厅,148.62平米,西南,简装,有,低,20,2000,北大地,1,816,54906,23
丰台,怡海花园恒泰园 ,2室2厅,136.51平米,西南,简装,有,高,29,2005,科技园区,1,890,65197,20
丰台,万年花城四期 ,2室2厅,107.04平米,东 北,精装,有,高,13,2008,玉泉营,1,715,66798,22
丰台,益辰欣园 ,3室1厅,142.42平米,南 北,简装,有,低,11,2002,科技园区,0,710,49853,41
丰台,中海九号公馆 ,3室2厅,175.95平米,南 北,精装,有,高,18,2012,科技园区,1,1460,82979,28
丰台,中海苏黎世家 ,3室2厅,134.17平米,南 北,精装,有,中,11,2012,科技园区,0,1000,74533,5
丰台,和光里 ,2室1厅,90.63平米,南 北,简装,有,顶,10,2005,五里店,0,460,50756,9
丰台,鸿业兴园一区 ,3室2厅,131.43平米,西南,精装,有,高,21,2006,玉泉营,0,850,64674,10
丰台,鸿业兴园二区 ,2室1厅,90.78平米,西北,简装,无,高,18,2010,玉泉营,0,480,52876,8
丰台,新华街三里 ,2室1厅,61.5平米,北,精装,有,中,24,1998,看丹桥,1,339,55122,27
丰台,太平桥东里 ,2室1厅,49.89平米,南,精装,有,低,24,1989,太平桥,1,389,77972,59
丰台,中海御鑫阁 ,1室0厅,30.62平米,西,精装,有,中,20,2012,科技园区,1,228,74462,126
丰台,中海御鑫阁 ,1室0厅,41.63平米,西北,精装,有,顶,20,2012,科技园区,1,268,64377,37
丰台,中海御鑫阁 ,2室1厅,91.26平米,南 北,精装,有,中,20,2012,科技园区,1,650,71226,11
丰台,怡海花园富泽园 ,3室2厅,129.6平米,南 北,简装,有,低,12,1999,科技园区,1,780,60186,7
丰台,青秀城 ,3室1厅,89.96平米,南 北,精装,有,中,6,2012,玉泉营,0,640,71143,27
丰台,青秀雅苑 ,2室1厅,72.6平米,南,精装,有,中,21,2011,玉泉营,0,370,50965,283
丰台,保利欣苑 ,3室1厅,127.65平米,南 北,简装,有,中,9,2004,七里庄,0,865,67764,70
丰台,万年花城二期 ,2室1厅,87.96平米,西南,其他,有,低,9,2007,玉泉营,1,596,67759,31
丰台,西局欣园南区 ,2室2厅,118.53平米,南 北,精装,有,中,16,2002,七里庄,1,820,69181,84
丰台,万年花城三期 ,2室1厅,95.22平米,东 西,精装,有,低,8,2006,玉泉营,1,599,62907,38
丰台,第七街区 ,2室1厅,96.5平米,南,精装,有,低,25,2004,岳各庄,0,630,65285,25
丰台,怡海花园恒丰园 ,3室1厅,134.15平米,东,精装,有,中,22,2005,玉泉营,0,828,61722,51
丰台,永善里 ,2室1厅,95.61平米,西北,简装,有,中,24,2005,北大地,0,560,58572,20
丰台,莲香园 ,2室1厅,80.05平米,南 北,精装,无,中,6,1999,六里桥,0,558,69707,76
丰台,永善里 ,2室1厅,103.72平米,西,精装,有,低,24,2005,北大地,0,580,55920,19
丰台,新村二里 ,2室1厅,53.6平米,南 北,精装,无,底,6,1987,玉泉营,1,310,57836,173
丰台,中海苏黎世家 ,2室1厅,86.55平米,南 北,精装,有,低,11,2012,科技园区,0,635,73368,78
丰台,恒富花园2号院 ,2室1厅,97.94平米,西南,简装,有,中,21,1999,科技园区,1,525,53605,46
丰台,益辰欣园 ,3室1厅,144.75平米,南 北,精装,有,中,9,2002,科技园区,0,740,51123,34
丰台,五里店南里 ,2室1厅,70.19平米,东南,简装,无,顶,6,1990,五里店,0,279,39750,132
丰台,华富丽苑 ,2室1厅,76.18平米,南,简装,有,低,27,2009,青塔,0,389,51064,39
丰台,怡海花园恒丰园 ,1室1厅,76.17平米,西,简装,有,中,27,2006,玉泉营,1,485,63674,15
丰台,和光里 ,2室1厅,85.61平米,南 北,简装,有,低,16,2005,五里店,0,453,52915,5
丰台,懋源钓云台 ,4室2厅,193.98平米,南 北,精装,无,顶,13,2016,玉泉营,1,2299,118518,105
丰台,中景理想家 ,1室1厅,52.73平米,南,简装,有,底,19,2007,玉泉营,1,330,62583,215
丰台,御景春天 ,1室1厅,48.31平米,东 南,精装,有,低,21,2012,科技园区,1,272,56304,37
丰台,远洋自然 ,4室2厅,178.53平米,南 西 北,精装,有,中,11,2007,大红门,1,1100,61615,125
丰台,城市涧 ,1室0厅,52.1平米,南,精装,有,中,11,2011,草桥,1,369,70826,123
丰台,程庄南里 ,1室1厅,53.2平米,东,简装,有,中,21,2005,五里店,0,268,50376,92
丰台,恒富花园2号院 ,4室2厅,135.59平米,东南,精装,有,中,21,1999,科技园区,1,598,44104,42
丰台,恋日嘉园二期 ,2室2厅,109.52平米,南 北,精装,有,中,17,2003,草桥,1,830,75786,13
丰台,晓月苑三里 ,2室1厅,93.65平米,南 北,其他,无,顶,6,1998,卢沟桥,0,350,37374,89
丰台,中海御鑫阁 ,1室0厅,36.46平米,南,其他,有,低,21,2012,科技园区,1,276,75700,21
丰台,晓月苑五里 ,3室2厅,119.46平米,南 北,精装,有,底,22,2003,卢沟桥,0,460,38507,10
丰台,韩庄子小区 ,1室1厅,72.98平米,东,精装,有,底,24,2008,看丹桥,1,370,50699,254
丰台,鸿业兴园二区 ,2室1厅,59.02平米,西,简装,有,高,21,2010,玉泉营,0,300,50831,229
丰台,珠江骏景南区 ,2室1厅,117.56平米,南,简装,有,低,23,2007,西罗园,1,620,52740,219
丰台,芳古园一区 ,2室1厅,61.7平米,西南,简装,有,中,14,1991,方庄,1,395,64020,280
丰台,鸿业兴园二区 ,2室1厅,90.12平米,南,精装,有,高,18,2010,玉泉营,0,490,54372,210
丰台,万年花城五期 ,3室1厅,88.5平米,南 北,精装,有,中,9,2011,玉泉营,1,710,80226,92
丰台,沸城 ,2室1厅,84.46平米,南 西,简装,有,低,25,2009,卢沟桥,0,369,43690,43
丰台,望园东里 ,3室1厅,80.83平米,南 西 北,毛坯,无,中,6,1998,七里庄,1,535,66189,38
丰台,怡海花园富润园 ,2室2厅,102.29平米,东南,简装,有,中,30,2002,科技园区,1,640,62568,40
丰台,北京方向 ,3室2厅,119.19平米,东南 北,精装,有,高,19,2015,科技园区,1,760,63764,27
丰台,庄维花园 ,2室1厅,79.34平米,东南,简装,无,中,14,2000,七里庄,1,500,63020,333
丰台,汇丰家园 ,2室1厅,99.37平米,东 南 西,简装,无,底,7,2002,玉泉营,0,530,53337,235
丰台,怡海花园富泽园 ,3室2厅,116.27平米,南 北,简装,有,中,11,1998,科技园区,1,697,59947,250
丰台,六里桥北里 ,3室1厅,69平米,西 北,简装,有,底,20,1988,六里桥,1,399,57827,208
丰台,上海建筑 ,1室1厅,48.62平米,东,精装,有,底,15,2010,大红门,0,342,70342,189
丰台,华富丽苑 ,2室1厅,98.93平米,东 西,简装,有,高,30,2009,青塔,0,520,52563,73
丰台,三环新城7号院 ,3室1厅,115.87平米,南 西,精装,有,低,22,2004,玉泉营,1,615,53077,78
丰台,怡海花园恒丰园 ,3室2厅,203.33平米,西南,精装,有,高,29,2005,玉泉营,1,1220,60001,76
丰台,北大地四里 ,2室1厅,51.2平米,东 北,精装,无,高,6,1981,北大地,0,290,56641,103
丰台,玺萌丽苑 ,3室1厅,120.69平米,西,精装,有,高,24,2002,草桥,1,709,58746,57
丰台,西局欣园北区 ,3室2厅,136.81平米,南 北,精装,有,中,19,2007,七里庄,1,1200,87713,80
丰台,嘉园一里 ,3室1厅,133.93平米,东南,简装,有,顶,22,1998,马家堡,1,650,48533,184
丰台,静馨嘉苑 ,3室1厅,134.31平米,南 北,简装,有,中,13,2002,成寿寺,1,710,52863,104
丰台,泥洼路5号院 ,2室1厅,60.86平米,南 北,简装,无,6,6,1993,七里庄,1,338,55538,438
丰台,恋日花都 ,2室1厅,111.68平米,西南,简装,有,中,17,2006,草桥,1,770,68947,80
丰台,青塔东里 ,1室1厅,57.35平米,北,简装,无,中,6,1995,青塔,0,265,46208,190
丰台,丰泽居三号院 ,2室2厅,95.3平米,南 北,简装,无,低,6,1990,科技园区,1,535,56139,29
丰台,政洋家园 ,2室1厅,92.38平米,南 北,精装,有,低,18,2000,洋桥,0,535,57913,56
丰台,和光里 ,3室1厅,116.7平米,南 北,精装,有,中,10,2005,五里店,0,618,52957,121
丰台,飞腾家园 ,3室1厅,91.69平米,南 北,简装,无,中,6,2004,新宫,0,408,44498,165
丰台,韩庄子西里 ,2室1厅,54平米,南 北,简装,无,顶,6,1990,看丹桥,1,310,57408,74
丰台,保温段 ,2室1厅,65.32平米,南 北,简装,无,顶,5,1980,科技园区,0,265,40570,282
丰台,大成郡 ,2室2厅,99.21平米,南 北,精装,有,低,7,2012,岳各庄,0,830,83661,46
丰台,正阳小区 ,2室1厅,80.27平米,东 北,简装,有,高,22,2004,北大地,1,486,60546,52
丰台,西罗园一区 ,2室2厅,87.2平米,东 南 北,简装,无,低,6,1990,西罗园,1,513,58831,137
丰台,司达小区 ,2室1厅,60.2平米,东 西,精装,无,高,6,1990,角门,1,321,53323,182
丰台,庄维花园 ,3室1厅,131.03平米,东南 北,简装,有,高,22,2000,七里庄,1,740,56476,244
丰台,郑王坟141号院 ,2室1厅,55.6平米,南 北,精装,无,中,5,1980,玉泉营,1,340,61152,96
丰台,万年花城二期 ,2室1厅,99.25平米,南,简装,有,低,27,2006,玉泉营,1,660,66499,128
丰台,丽泽雅园 ,2室1厅,75.18平米,西南,简装,有,低,24,2007,马连道,0,570,75819,185
丰台,优筑 ,2室1厅,77.92平米,西北,精装,有,底,16,2007,玉泉营,1,470,60319,85
丰台,怡海花园富泽园 ,3室2厅,107.62平米,南 北,简装,无,高,7,1998,科技园区,1,610,56681,151
丰台,富锦嘉园五区 ,3室2厅,133.72平米,南 北,精装,有,顶,6,2008,科技园区,0,749,56013,84
丰台,三环新城4号院 ,2室1厅,99.97平米,南 北,简装,有,高,6,2007,玉泉营,1,655,65520,57
丰台,三环新城7号院 ,2室1厅,79.75平米,东 西北,简装,有,低,29,2005,玉泉营,1,413,51787,201
丰台,韩庄子二里 ,1室1厅,38.26平米,南,简装,无,顶,6,1992,看丹桥,1,255,66650,114
丰台,青秀城 ,3室1厅,135.09平米,南 北,精装,有,高,6,2011,玉泉营,0,1030,76246,34
丰台,望园东里 ,1室1厅,71.39平米,北,简装,有,中,19,2007,七里庄,1,409,57291,89
丰台,万年花城四期 ,4室2厅,153.44平米,南 北,毛坯,有,底,13,2008,玉泉营,1,980,63869,49
丰台,石榴园北里小区 ,2室1厅,58.51平米,南 北,简装,无,高,6,1992,刘家窑,1,320,54692,133
丰台,太平桥小区 ,2室1厅,56.68平米,南 北,精装,无,顶,6,1989,太平桥,1,360,63515,96
丰台,保利欣苑 ,2室1厅,87.88平米,南,简装,有,高,9,2004,七里庄,0,650,73965,46
丰台,恒富花园2号院 ,3室1厅,132.96平米,南 东北,简装,有,高,21,1999,科技园区,1,600,45127,116
丰台,永善里 ,2室1厅,99.3平米,南,简装,有,顶,24,2005,北大地,0,580,58409,19
丰台,西局欣园南区 ,3室2厅,137.82平米,南 西 北,精装,有,顶,14,2008,七里庄,1,840,60950,106
丰台,亿城天筑 ,4室2厅,136.54平米,南 北,精装,无,底,5,2006,科技园区,0,1200,87887,30
丰台,正阳小区 ,3室1厅,95.81平米,东 西,简装,有,中,14,1999,北大地,1,560,58450,55
丰台,政馨园一区 ,2室1厅,69.89平米,北,精装,有,1,1,2003,宋家庄,1,338,48362,144
丰台,万年花城四期 ,2室2厅,83.79平米,南,精装,有,高,27,2008,玉泉营,1,600,71608,55
丰台,丰益花园西区 ,2室1厅,76.63平米,南 北,简装,有,中,12,2001,丽泽,1,490,63944,113
丰台,造甲南里20号院 ,2室1厅,71.58平米,南 北,简装,无,中,6,1998,玉泉营,1,385,53786,76
丰台,怡海花园富润园 ,2室1厅,103.28平米,东南,精装,有,低,30,2002,科技园区,1,640,61968,14
丰台,怡海花园富泽园 ,3室2厅,146.35平米,西南,精装,有,低,30,2001,科技园区,1,865,59105,27
丰台,程庄路3号院 ,2室1厅,64.6平米,南 北,简装,无,低,6,1990,五里店,0,308,47679,21
丰台,亿朋苑一区 ,2室2厅,115.74平米,南 北,简装,无,中,5,2004,玉泉营,1,658,56852,17
丰台,中海御鑫阁 ,1室0厅,44.68平米,西,精装,有,高,20,2012,科技园区,1,292,65354,298
丰台,苗圃东里 ,2室1厅,53.37平米,东 西,简装,无,顶,5,1985,赵公口,1,305,57149,5
丰台,远中悦麒 ,1室1厅,61.28平米,西,精装,有,高,24,2006,木樨园,1,340,55484,9
丰台,恒富中街7号院 ,2室1厅,106.15平米,南 北,简装,无,中,6,1996,科技园区,1,530,49930,4
丰台,富锦嘉园二区 ,2室1厅,91.11平米,东南,其他,无,中,6,2002,科技园区,0,520,57074,3
丰台,富锦嘉园五区 ,3室2厅,131.65平米,南 北,精装,无,中,6,2008,科技园区,0,738,56058,9
丰台,韩庄子四里 ,3室1厅,86.4平米,东 西,精装,无,中,6,1994,看丹桥,1,445,51505,2
丰台,庄维花园 ,1室2厅,80.13平米,北,简装,有,高,24,2001,七里庄,1,440,54911,270
丰台,正阳小区 ,2室1厅,77.35平米,东 西,简装,有,低,14,2000,北大地,1,445,57531,189
丰台,盛鑫嘉园 ,3室2厅,155.75平米,西南,简装,有,低,22,2002,丽泽,1,825,52970,126
丰台,珠江峰景 ,2室1厅,115.45平米,东 西,精装,有,底,21,2006,岳各庄,0,620,53703,66
丰台,万科紫苑 ,3室2厅,95.22平米,南 北,精装,有,低,15,2011,青塔,1,695,72989,7610
丰台,建欣苑二里 ,3室1厅,106.47平米,南 北,简装,无,高,6,2001,大红门,1,540,50719,67
丰台,方庄6号 ,3室1厅,147.14平米,南,简装,有,低,17,2008,方庄,1,960,65244,233
丰台,南开西里 ,2室1厅,54.22平米,南 北,精装,无,顶,6,1992,看丹桥,0,272,50166,575
丰台,京品小区 ,3室1厅,124.25平米,南 北,精装,有,低,15,2005,西罗园,1,755,60765,85
丰台,久敬佳园二区 ,2室1厅,97.5平米,南 北,精装,无,中,6,2005,和义,0,495,50770,224
丰台,益城园 ,3室2厅,124.53平米,南 北,精装,有,高,10,2003,马家堡,1,830,66651,219
丰台,星河城西区 ,2室1厅,101.31平米,东,简装,有,低,20,2006,马家堡,1,680,67121,31
丰台,风景club ,3室2厅,143.16平米,南 北,简装,有,中,12,2007,草桥,1,1070,74742,90
丰台,三环新城8号院 ,3室2厅,124.4平米,南,精装,有,中,22,2006,玉泉营,1,679,54582,156
丰台,望园东里 ,3室1厅,99.01平米,南 西,简装,有,低,24,1999,七里庄,1,580,58580,170
丰台,富丰路8号院 ,2室1厅,74.74平米,南 北,简装,无,中,6,2000,科技园区,0,365,48836,141
丰台,优筑 ,2室1厅,77.09平米,西北,精装,有,中,16,2007,玉泉营,0,505,65508,19
丰台,太平桥东里 ,3室1厅,80.73平米,南 北,简装,无,中,6,1989,太平桥,1,530,65651,146
丰台,正阳小区 ,2室1厅,74.54平米,南,简装,有,中,19,2001,北大地,1,495,66408,37
丰台,丰泽居三号院 ,3室1厅,105.9平米,南 北,简装,无,底,6,1995,科技园区,1,570,53825,76
丰台,万年花城四期 ,2室2厅,88.35平米,东南,简装,有,低,27,2008,玉泉营,1,605,68478,71
丰台,太平桥小区 ,3室1厅,68.27平米,南 北,精装,无,中,6,1988,太平桥,1,500,73239,119
丰台,优筑 ,4室2厅,163.67平米,南 北,精装,有,低,18,2007,玉泉营,1,1145,69958,22
丰台,益辰欣园 ,3室1厅,147.56平米,南 北,精装,有,中,7,2002,科技园区,0,750,50827,69
丰台,红狮家园 ,2室1厅,89.47平米,东,精装,有,低,29,2010,宋家庄,1,468,52309,45
丰台,晓月新城 ,2室1厅,87.56平米,南,精装,有,高,24,2008,卢沟桥,0,390,44541,69
丰台,彩虹城四区 ,2室1厅,87.57平米,南,精装,有,高,22,2005,赵公口,1,538,61437,100
丰台,恒富花园1号院 ,3室1厅,114.39平米,南 北,精装,无,底,6,1995,科技园区,1,550,48082,39
丰台,中海苏黎世家 ,3室1厅,134.55平米,南 北,精装,有,高,11,2012,科技园区,0,1100,81754,0
丰台,吉利双星 ,3室1厅,142.17平米,东北,简装,有,低,18,1996,科技园区,1,520,36576,11
丰台,丰台西路7号院 ,2室1厅,60.25平米,南 北,简装,无,顶,6,1994,北大地,0,360,59752,59
丰台,中海御鑫阁 ,1室0厅,45.01平米,西,精装,有,低,20,2012,科技园区,1,285,63320,25
丰台,设计师广场 ,1室0厅,34.28平米,东南,精装,有,中,26,2008,科技园区,0,226,65928,35
丰台,望园东里 ,3室1厅,102.4平米,东 南 北,简装,无,底,6,1999,七里庄,1,660,64454,17
丰台,蒲安东里 ,3室1厅,80.55平米,东南,精装,有,高,18,1994,蒲黄榆,1,530,65798,81
丰台,三环新城8号院 ,1室1厅,68.81平米,东南,简装,有,高,18,2006,玉泉营,1,382,55516,123
丰台,太平桥东里 ,1室1厅,45.34平米,南,简装,无,中,6,1989,太平桥,1,310,68373,186
丰台,芳古园一区 ,5室2厅,172.09平米,东 南 北,精装,有,低,25,1991,方庄,1,1200,69731,76
丰台,怡海花园恒泰园 ,5室2厅,258.62平米,西南,精装,有,高,29,2005,科技园区,1,1700,65734,28
丰台,北京方向 ,1室1厅,61.26平米,南,精装,有,高,14,2015,科技园区,1,390,63664,13
丰台,三环新城7号院 ,1室0厅,42.15平米,东,精装,有,中,29,2004,玉泉营,1,280,66430,84
丰台,丰卉家园 ,2室1厅,91.62平米,南 北,简装,无,高,7,2001,五里店,0,445,48571,5
丰台,御景春天 ,2室1厅,63.01平米,南 北,其他,有,中,21,2012,科技园区,1,365,57928,25
丰台,青秀城 ,2室1厅,85.91平米,南 北,精装,有,高,20,2011,玉泉营,0,600,69841,3
丰台,阳光四季 ,3室2厅,165.89平米,东南,简装,有,中,18,1996,科技园区,1,720,43403,40
丰台,首开璞瑅 ,2室1厅,93.64平米,南,精装,有,低,22,2011,方庄,1,890,95045,106
丰台,四方景园一区 ,2室1厅,95.02平米,西南,简装,有,中,18,2004,成寿寺,0,488,51358,49
丰台,益辰欣园 ,2室2厅,109.16平米,东 西,简装,有,低,7,2002,科技园区,0,510,46721,41
丰台,望园东里 ,2室1厅,118.03平米,西南,简装,有,中,24,2005,七里庄,1,640,54224,80
丰台,青秀城 ,3室1厅,89.98平米,南 北,精装,有,底,12,2011,玉泉营,0,639,71016,119
丰台,和光里 ,2室1厅,79.61平米,南 北,简装,有,底,16,2005,五里店,1,416,52255,65
丰台,丰体时代花园 ,3室1厅,115.43平米,西南,简装,有,低,29,2009,岳各庄,1,469,40631,55
丰台,益辰欣园 ,2室1厅,110.21平米,东 西,简装,有,高,11,2002,科技园区,0,535,48544,18
丰台,青秀城 ,2室1厅,85.11平米,南 北,精装,有,顶,6,2011,玉泉营,0,760,89297,35
丰台,卢沟桥南里 ,2室1厅,58.76平米,南 北,简装,无,高,6,1990,卢沟桥,0,280,47652,47
丰台,新华街二里 ,3室1厅,90.6平米,南 北,简装,无,中,6,1995,看丹桥,1,455,50221,40
丰台,益辰欣园 ,3室2厅,142.94平米,南 北,简装,有,底,11,2002,科技园区,0,668,46733,19
丰台,益明园 ,1室2厅,70.97平米,南 北,其他,有,顶,11,2004,马家堡,1,520,73271,4
丰台,第七街区 ,2室1厅,77.61平米,东北,简装,有,高,25,2004,岳各庄,0,485,62492,66
丰台,益丰苑 ,2室1厅,83.56平米,西南,精装,有,底,15,2010,丽泽,1,680,81379,196
丰台,三环新城8号院 ,2室1厅,109.59平米,南,简装,有,低,22,2007,玉泉营,1,590,53838,40
丰台,马家堡西里 ,3室2厅,113.71平米,东南,简装,有,顶,24,2006,马家堡,1,610,53646,77
丰台,久敬佳园三区 ,1室1厅,64.24平米,东 西,其他,无,高,6,2005,和义,0,340,52927,56
丰台,望园东里 ,3室1厅,96.3平米,南 西 北,简装,有,中,24,1999,七里庄,1,590,61267,96
丰台,中建一局北院 ,3室1厅,71.4平米,南 北,简装,无,中,6,1980,七里庄,1,415,58124,33
丰台,政馨园一区 ,3室1厅,123.96平米,东 南 西,精装,有,顶,11,2003,宋家庄,1,650,52437,168
丰台,莲怡园二区 ,2室1厅,102.08平米,南 北,简装,有,中,12,2006,六里桥,1,580,56819,123
丰台,首经贸中街1号院 ,3室2厅,109.44平米,东南 北,简装,有,高,21,2005,玉泉营,1,616,56287,50
丰台,永善里 ,2室1厅,75.95平米,东南,简装,有,高,24,2005,北大地,0,480,63200,41
丰台,新月家园 ,2室1厅,91.05平米,南 北,精装,无,高,6,2002,卢沟桥,0,375,41187,82
丰台,万年花城四期 ,2室1厅,93.57平米,西南,精装,有,低,10,2008,玉泉营,1,680,72673,15
丰台,西局欣园南区 ,2室1厅,86.95平米,南 西 北,精装,有,低,15,2002,七里庄,1,626,71996,140
丰台,丰体时代花园 ,3室1厅,113.41平米,西北,精装,有,中,28,2005,岳各庄,1,495,43647,77
丰台,鸿业兴园一区 ,3室2厅,128.49平米,南 北,精装,有,顶,16,2006,玉泉营,0,830,64597,59
丰台,太平桥小区 ,2室1厅,56.57平米,南,精装,无,顶,6,1989,太平桥,1,358,63285,131
丰台,望园东里 ,3室1厅,131.81平米,南 西 北,简装,无,低,6,1998,七里庄,1,690,52349,15
丰台,三环新城7号院 ,2室1厅,93.21平米,南 北,精装,有,低,29,2004,玉泉营,1,510,54716,35
丰台,北大街 ,3室1厅,75.3平米,南 北,简装,无,高,6,1980,北大地,0,409,54317,59
丰台,东大街东里 ,3室1厅,74.11平米,南 北,简装,无,中,6,1980,七里庄,1,438,59102,98
丰台,万年花城四期 ,2室1厅,93.22平米,东北,简装,有,中,27,2008,玉泉营,1,620,66510,37
丰台,和光里 ,3室1厅,116.2平米,南 北,简装,有,中,10,2005,五里店,1,615,52926,48
丰台,四方景园五区 ,2室1厅,102.26平米,南,精装,有,低,24,1999,成寿寺,1,540,52807,60
丰台,万年花城一期 ,3室1厅,101.23平米,东南,精装,有,中,16,2005,玉泉营,1,680,67174,24
丰台,丽泽雅园 ,3室1厅,128.04平米,东 南,精装,有,高,24,2006,马连道,0,890,69510,116
丰台,文体路38号院 ,3室1厅,103.6平米,南 西 东北,简装,有,高,18,1999,北大地,1,620,59846,33
丰台,万年花城三期 ,3室1厅,127.38平米,南 北,精装,有,低,14,2006,玉泉营,1,800,62805,65
丰台,怡海花园富泽园 ,2室1厅,88.58平米,南 北,其他,有,中,12,1999,科技园区,1,560,63220,47
丰台,程庄路3号院 ,2室1厅,58.5平米,南 北,精装,无,顶,6,1970,五里店,0,256,43761,90
丰台,鸿业兴园二区 ,2室1厅,90.1平米,南,精装,无,高,18,2010,玉泉营,0,510,56604,50
丰台,怡海花园富润园 ,3室2厅,129.68平米,西北,简装,有,高,18,2001,科技园区,1,680,52437,13
丰台,南庭新苑北区 ,2室1厅,58.98平米,南,简装,有,中,16,2010,新宫,1,340,57647,23
丰台,草桥欣园四区 ,2室1厅,77.37平米,南 北,简装,有,低,18,2003,草桥,1,488,63074,34
丰台,广安﹒康馨家园 ,2室1厅,72.52平米,南 北,简装,有,高,27,2015,青塔,0,359,49504,1863
丰台,宝隆温泉公寓 ,1室1厅,59.92平米,南,简装,有,低,31,2000,科技园区,1,284,47397,189
丰台,御景春天 ,1室1厅,48.35平米,东,其他,无,顶,25,2011,科技园区,1,250,51707,104
丰台,万年花城二期 ,3室2厅,126.57平米,南,精装,有,低,27,2006,玉泉营,1,840,66367,93
丰台,杏林园 ,3室1厅,103.2平米,西北,简装,有,中,18,1998,角门,1,580,56202,121
丰台,文体路38号院 ,2室1厅,118.45平米,西北,精装,有,中,20,2000,北大地,1,615,51921,61
丰台,看丹苑 ,4室1厅,131.74平米,南 北,简装,有,中,16,2000,看丹桥,1,640,48581,97
丰台,首经贸中街1号院 ,2室1厅,78.48平米,东 南 北,简装,有,低,21,2002,玉泉营,1,440,56066,91
丰台,三环新城7号院 ,1室1厅,63.59平米,西,简装,有,中,29,2005,玉泉营,1,368,57871,116
丰台,中建一局北院 ,2室1厅,88.95平米,南 北,简装,有,中,14,2000,七里庄,1,540,60709,37
丰台,金唐国际 ,1室1厅,60.54平米,东北,精装,有,低,24,2007,太平桥,0,405,66898,63
丰台,海户西里33号院 ,2室1厅,59.8平米,南 北,精装,有,底,18,1997,洋桥,1,330,55184,168
丰台,正阳小区 ,1室1厅,52.13平米,东 西,其他,无,顶,6,1998,北大地,0,300,57549,53
丰台,中建一局北院 ,3室1厅,90.02平米,南 北,精装,有,高,14,2000,七里庄,1,520,57765,80
丰台,京投银泰万科西华府 ,3室1厅,113.21平米,南 北,精装,无,中,21,2014,科技园区,0,740,65366,233
丰台,新月家园 ,2室1厅,92.1平米,南 北,精装,无,顶,6,2002,卢沟桥,0,385,41803,79
丰台,怡海花园富润园 ,3室2厅,136.36平米,东南 北,简装,有,低,18,2001,科技园区,1,700,51335,27
丰台,益丰苑 ,2室1厅,84.49平米,西南,精装,有,中,13,2010,丽泽,1,725,85809,24
丰台,怡海花园恒泰园 ,3室1厅,151.04平米,东南,精装,有,高,29,2005,科技园区,1,1087,71968,42
丰台,设计师广场 ,1室0厅,33.85平米,西北,其他,有,低,26,2008,科技园区,0,225,66470,60
丰台,城市经典 ,3室1厅,118.47平米,东 北,精装,有,高,18,1995,科技园区,1,520,43893,17
丰台,青秀城 ,3室1厅,89.16平米,南 北,精装,有,中,12,2011,玉泉营,0,660,74025,20
丰台,怡海花园富润园 ,1室1厅,71.92平米,西南,简装,有,底,18,2001,科技园区,1,400,55618,43
丰台,怡海花园恒泰园 ,1室1厅,55.68平米,北,精装,无,高,6,1997,科技园区,1,346,62141,58
丰台,和光里 ,3室1厅,106.67平米,南 北,简装,有,中,16,2005,五里店,1,580,54374,19
丰台,沸城 ,2室1厅,84.46平米,南,精装,有,中,25,2009,卢沟桥,0,378,44755,12
丰台,韩庄子二里 ,2室1厅,69.5平米,南 北,精装,无,中,6,1992,看丹桥,1,399,57411,15
丰台,鹏润家园 ,3室2厅,184.66平米,东 西北,简装,有,中,30,2000,菜户营,0,1050,56862,65
丰台,益丰苑 ,2室1厅,91.4平米,西南 北,精装,有,低,17,2010,丽泽,1,738,80744,80
丰台,文成建筑 ,3室2厅,158.68平米,南 北,精装,有,高,15,2010,成寿寺,1,1060,66802,49
丰台,望园西里 ,2室1厅,57.71平米,南 北,简装,无,底,6,1994,七里庄,1,370,64114,61
丰台,保利百合 ,3室2厅,144.21平米,南 北,精装,有,高,21,2009,丽泽,1,1350,93614,85
丰台,政馨园一区 ,1室1厅,76.62平米,西北,精装,有,低,15,2003,宋家庄,1,399,52076,4
丰台,北大街北里 ,3室1厅,73.53平米,南 北,精装,无,高,6,1980,七里庄,0,425,57800,288
丰台,双城公寓 ,2室1厅,127.8平米,西北,简装,有,低,27,1999,木樨园,1,588,46010,78
